split,feature_set,rows,columns,nonzero_values,density,recommended_use
train,text_only,35522,50000,4867136,0.002740350205506447,Transparent text baseline
train,text_numeric,35522,50021,5399186,0.0030386348144229285,Primary classical-ML feature set
train,text_numeric_metadata,35522,50164,5541274,0.0031097111883472074,Optional metadata ablation only
dev,text_only,5024,50000,691106,0.002751218152866242,Transparent text baseline
dev,text_numeric,5024,50021,766576,0.003050374893500144,Primary classical-ML feature set
dev,text_numeric_metadata,5024,50164,786671,0.003121413832692463,Optional metadata ablation only
test,text_only,10200,50000,1394080,0.0027334901960784316,Transparent text baseline
test,text_numeric,10200,50021,1546884,0.0030318325126976083,Primary classical-ML feature set
test,text_numeric_metadata,10200,50164,1587678,0.0031029165513586027,Optional metadata ablation only
